{
	"textures": {
		"0": "item/shield/base",
		"2": "item/shield/outline",
		"particle": "block/dark_oak_planks"
	},
	"elements": [
		{
			"from": [-6.01, -11.01, 0.99],
			"to": [6.01, 11.01, 2.01],
			"rotation": {"angle": 0, "axis": "y", "origin": [0, 0, 1.5]},
			"faces": {
				"north": {"uv": [3.5, 0.5, 6.5, 11.5], "texture": "#0"},
				"south": {"uv": [0.25, 0.5, 3.25, 11.5], "texture": "#0"}
			}
		},
		{
			"from": [-6.01, -11.01, 0.99],
			"to": [6.01, 11.01, 2.01],
			"rotation": {"angle": 0, "axis": "y", "origin": [0, 0, 1.5]},
			"faces": {
				"north": {"uv": [3.5, 0.5, 6.5, 11.5], "texture": "#2"},
				"east": {"uv": [3.25, 0.5, 3.5, 11.5], "texture": "#2"},
				"south": {"uv": [0.25, 0.5, 3.25, 11.5], "texture": "#2"},
				"west": {"uv": [0, 0.5, 0.25, 11.5], "texture": "#2"},
				"up": {"uv": [3.25, 0.5, 0.25, 0], "rotation": 180, "texture": "#2"},
				"down": {"uv": [6.25, 0, 3.25, 0.5], "rotation": 180, "texture": "#2"}
			}
		}
	],
	"gui_light": "front",
	"display": {
        "thirdperson_righthand": {
            "rotation": [ 0, 90, 0 ],
            "translation": [ 10, 6, -4 ],
            "scale": [ 1, 1, 1 ]
        },
        "thirdperson_lefthand": {
            "rotation": [ 0, 90, 0 ],
            "translation": [ 10, 6, 12 ],
            "scale": [ 1, 1, 1 ]
        },
        "firstperson_righthand": {
            "rotation": [ 0, 180, 5 ],
            "translation": [ -10, 2, -10 ],
            "scale": [ 1.25, 1.25, 1.25 ]
        },
        "firstperson_lefthand": {
            "rotation": [ 0, 180, 5 ],
            "translation": [ 10, 0, -10 ],
            "scale": [ 1.25, 1.25, 1.25 ]
        },
        "gui": {
            "rotation": [ 15, -25, -5 ],
            "translation": [ 2, 3, 0 ],
            "scale": [ 0.65, 0.65, 0.65 ]
        },
        "fixed": {
            "rotation": [ 0, 180, 0 ],
            "translation": [ -4.5, 4.5, -5],
            "scale":[ 0.55, 0.55, 0.55]
        },
        "ground": {
            "rotation": [ 0, 0, 0 ],
            "translation": [ 2, 4, 2],
            "scale":[ 0.25, 0.25, 0.25]
        }
	}
}